{"theta": [-1105.9721327347058, 6331.559980189939], "mean_x": 101066.25, "std_x": 51565.1899106445}